{"cameraMode":{"drawMode":0,"name":"Shaded","section":"Shading Mode"},"sceneLighting":false,"audioPlay":false,"sceneViewState":{"showFog":true,"showMaterialUpdate":false,"showSkybox":false,"showFlares":true,"showImageEffects":true,"showParticleSystems":true},"in2DMode":false,"pivot":{"x":-14.374963760375977,"y":0.7971134185791016,"z":5.8103485107421879},"rotation":{"x":0.22307179868221284,"y":-0.6768688559532166,"z":0.22755664587020875,"w":0.6635724902153015},"size":4.041658401489258,"orthographic":false}