{"cameraMode":{"drawMode":0,"name":"Shaded","section":"Shading Mode"},"sceneLighting":true,"audioPlay":false,"sceneViewState":{"showFog":true,"showMaterialUpdate":false,"showSkybox":true,"showFlares":true,"showImageEffects":true,"showParticleSystems":true},"in2DMode":false,"pivot":{"x":805.6167602539063,"y":513.8875122070313,"z":-314.84881591796877},"rotation":{"x":-0.008692638017237187,"y":-0.0003989074320998043,"z":0.000091944559244439,"w":1.0000559091567994},"size":513.5748901367188,"orthographic":false}